{
  "omics_type": "proteome",
  "missing_value_strategy": "median",
  "outlier_threshold": 3.0,
  "normalization_method": "zscore",
  "feature_names": [
    "MMP9",
    "IL6",
    "TNF",
    "CRP",
    "IgA",
    "Lactoferrin",
    "IL8"
  ],
  "fill_values": {
    "MMP9": 7.9427532571171255,
    "IL6": 7.6953881332176834,
    "TNF": 7.211678721395498,
    "CRP": 7.51700298356198,
    "IgA": 5.0,
    "Lactoferrin": 5.0,
    "IL8": 7.409469494354548
  },
  "normalization_params": {
    "mean": {
      "MMP9": 113.22613417574225,
      "IL6": 124.46194135904312,
      "TNF": 133.16252408485974,
      "CRP": 117.3838146294843,
      "IgA": 136.1235665808089,
      "Lactoferrin": 118.72044730409594,
      "IL8": 7.621323058579497
    },
    "std": {
      "MMP9": 166.23488123257016,
      "IL6": 183.6505496121793,
      "TNF": 227.38014780268637,
      "CRP": 166.16656847962122,
      "IgA": 198.0865583696847,
      "Lactoferrin": 172.43659166262077,
      "IL8": 1.9504610259133144
    }
  }
}